FECHA,SORTEO,NÚMERO,SERIE,Unnamed: 4
2007-01-05,3834,3652,149,
2007-01-12,3835,9407,80,
2007-01-19,3836,9864,97,
2007-01-26,3837,5589,54,
2007-02-02,3838,1721,102,
2007-02-09,3839,5318,111,
2007-02-16,3840,3407,189,
2007-02-23,3841,5723,164,
2007-03-02,3842,1047,175,
2007-03-09,3843,1563,193,
2007-03-16,3844,1655,226,
2007-03-23,3845,957,190,
2007-03-30,3846,4055,211,
2007-04-04,3847,2680,87,
2007-04-13,3848,5208,159,
2007-04-20,3849,2485,52,
2007-04-27,3850,6373,93,
2007-05-04,3851,2902,146,
2007-05-11,3852,8235,142,
2007-05-18,3853,900,189,
2007-05-25,3854,1407,166,
2007-06-01,3855,3697,9,
2007-06-08,3856,252,209,
2007-06-15,3857,8259,16,
2007-06-22,3858,4101,200,
2007-06-29,3859,1944,211,
2007-07-06,3860,1545,64,
2007-07-13,3861,1364,97,
2007-07-21,3862,2086,183,
2007-07-27,3863,5028,16,
2007-08-03,3864,6327,208,
2007-08-10,3865,9141,120,
2007-08-17,3866,9371,180,
2007-08-24,3867,9482,157,
2007-08-31,3868,6090,234,
2007-09-07,3869,8251,207,
2007-09-14,3870,2522,7,
2007-09-21,3871,7265,224,
2007-09-28,3872,372,36,
2007-10-05,3873,5490,37,
2007-10-12,3874,7875,136,
2007-10-19,3875,880,112,
2007-10-26,3876,3108,85,
2007-11-02,3877,2820,104,
2007-11-09,3878,2025,229,
2007-11-16,3879,1544,101,
2007-11-23,3880,3730,233,
2007-11-30,3881,3055,115,
2007-12-07,3882,4123,16,
2007-12-14,3883,5699,49,
2007-12-21,3884,3243,191,
2007-12-28,3885,149,190,
2008-01-04,3886,7113,115,
2008-01-11,3887,2912,186,
2008-01-18,3888,8413,134,
2008-01-25,3889,8767,73,
2008-02-01,3890,2057,217,
2008-02-08,3891,34,148,
2008-02-15,3892,8919,3,
2008-02-22,3893,3776,83,
2008-02-29,3894,4755,58,
2008-03-07,3895,1865,158,
2008-03-14,3896,1363,125,
2008-03-22,3897,3036,219,
2008-03-28,3898,9511,193,
2008-04-04,3899,5379,44,
2008-04-11,3900,9234,210,
2008-04-18,3901,6549,105,
2008-04-25,3902,4169,174,
2008-05-02,3903,3324,202,
2008-05-09,3904,3704,90,
2008-05-16,3905,5329,129,
2008-05-23,3906,1828,164,
2008-05-30,3907,1678,246,
2008-06-06,3908,9591,8,
2008-06-13,3909,5327,128,
2008-06-20,3910,9541,165,
2008-06-27,3911,2852,23,
2008-07-04,3912,9603,237,
2008-07-11,3913,7972,194,
2008-07-18,3914,9435,108,
2008-07-25,3915,9717,238,
2008-08-01,3916,1022,143,
2008-08-08,3917,4122,121,
2008-08-15,3918,9332,133,
2008-08-22,3919,7631,235,
2008-08-29,3920,7827,99,
2008-09-05,3921,7780,85,
2008-09-12,3922,6499,170,
2008-09-19,3923,3839,180,
2008-09-26,3924,170,237,
2008-10-03,3925,7049,249,
2008-10-10,3926,7944,121,
2008-10-17,3927,1885,33,
2008-10-24,3928,4895,182,
2008-10-31,3929,9014,188,
2008-11-07,3930,9472,216,
2008-11-14,3931,2234,35,
2008-11-21,3932,9993,242,
2008-11-28,3933,2356,132,
2008-12-05,3934,6064,74,
2008-12-12,3935,4178,71,
2008-12-19,3936,5468,101,
2008-12-26,3937,3045,153,
2009-01-02,3938,1363,68,
2009-01-09,3939,2868,152,
2009-01-16,3940,1983,246,
2009-01-23,3941,3981,131,
2009-01-30,3942,7035,63,
2009-01-06,3943,5842,243,
2009-02-13,3944,863,162,
2009-02-20,3945,9651,73,
2009-02-27,3946,6882,123,
2009-03-06,3947,8826,34,
2009-03-13,3948,3801,93,
2009-03-20,3949,8543,68,
2009-03-27,3950,268,166,
2009-04-03,3951,6291,22,
2009-04-11,3952,7789,241,
2009-04-17,3953,5255,154,
2009-04-24,3954,7725,40,
2009-05-02,3955,4922,68,
2009-05-08,3956,5772,33,
2009-05-15,3957,4759,248,
2009-05-22,3958,3851,71,
2009-05-29,3959,5082,50,
2009-06-05,3960,9316,6,
2009-06-12,3961,6125,138,
2009-06-19,3962,5416,106,
2009-06-26,3963,6510,61,
2009-07-03,3964,99,193,
2009-07-10,3965,8847,76,
2009-07-17,3966,8390,127,
2009-07-24,3967,6645,71,
2009-07-31,3968,2837,54,
2009-08-08,3969,4712,226,
2009-08-14,3970,6517,173,
2009-08-21,3971,859,163,
2009-08-28,3972,3287,150,
2009-09-04,3973,7315,45,
2009-09-11,3974,2889,204,
2009-09-18,3975,3550,102,
2009-09-25,3976,8896,162,
2009-10-02,3977,4939,140,
2009-10-09,3978,4762,141,
2009-10-16,3979,6566,10,
2009-10-23,3980,775,48,
2009-10-30,3981,4702,138,
2009-11-06,3982,4371,175,
2009-11-13,3983,1028,53,
2009-11-20,3984,3391,105,
2009-11-27,3985,6639,154,
2009-12-04,3986,1592,87,
2009-12-11,3987,9583,106,
2009-12-18,3988,6431,151,
2009-12-26,3989,2759,226,
2010-01-02,3990,6259,156,
2010-01-08,3991,4548,239,
2010-01-15,3992,2411,100,
2010-01-22,3993,5264,198,
2010-01-29,3994,6978,188,
2010-02-05,3995,9063,216,
2010-02-12,3996,2803,215,
2010-02-19,3997,9776,112,
2010-02-26,3998,2350,2,
2010-03-05,3999,2727,41,
2010-03-12,4000,4559,170,
2010-03-19,4001,3548,167,
2010-03-26,4002,8050,190,
2010-04-03,4003,8079,137,
2010-04-09,4004,3374,153,
2010-04-16,4005,2049,53,
2010-04-23,4006,9024,100,
2010-04-30,4007,8127,233,
2010-05-07,4008,4038,227,
2010-05-14,4009,3343,130,
2010-05-21,4010,9496,157,
2010-05-28,4011,169,197,
2010-06-04,4012,5456,44,
2010-06-11,4013,6754,186,
2010-06-18,4014,6692,56,
2010-06-25,4015,3292,196,
2010-07-02,4016,6180,80,
2010-07-09,4017,9060,93,
2010-07-16,4018,7321,103,
2010-07-23,4019,2705,92,
2010-07-30,4020,1276,94,
2010-08-06,4021,8473,12,
2010-08-13,4022,9448,122,
2010-08-20,4023,1531,212,
2010-08-27,4024,265,205,
2010-09-03,4025,9572,15,
2010-09-10,4026,8875,152,
2010-09-17,4027,7287,84,
2010-09-24,4028,6620,172,
2010-10-01,4029,9048,107,
2010-10-08,4030,6062,58,
2010-10-15,4031,3948,34,
2010-10-22,4032,2337,130,
2010-10-29,4033,1799,3,
2010-11-05,4034,3347,108,
2010-11-12,4035,8061,58,
2010-11-19,4036,99,85,
2010-11-26,4037,3908,103,
2010-12-03,4038,5658,39,
2010-12-10,4039,3984,59,
2010-12-17,4040,6867,205,
2010-12-24,4041,4574,85,
2010-12-31,4042,169,10,
2011-01-07,4043,679,126,
2011-01-14,4044,6212,200,
2011-01-21,4045,2928,95,
2011-01-28,4046,5432,58,
2011-02-04,4047,9664,160,
2011-02-11,4048,2251,184,
2011-02-18,4049,938,67,
2011-02-25,4050,114,135,
2011-03-04,4051,6813,5,
2011-03-11,4052,6176,169,
2011-03-18,4053,79,191,
2011-03-25,4054,5062,158,
2011-04-01,4055,6378,2,
2011-04-08,4056,5832,26,
2011-04-15,4057,5037,124,
2011-04-22,4058,2727,118,
2011-04-29,4059,3714,73,
2011-05-06,4060,841,132,
2011-05-13,4061,9916,48,
2011-05-20,4062,2416,130,
2011-05-27,4063,2081,103,
2011-06-03,4064,9236,226,
2011-06-10,4065,2155,139,
2011-06-17,4066,8646,83,
2011-06-24,4067,1515,136,
2011-07-01,4068,874,139,
2011-07-08,4069,4784,108,
2011-07-15,4070,3642,26,
2011-07-22,4071,1165,96,
2011-07-29,4072,3272,216,
2011-08-05,4073,620,31,
2011-08-12,4074,9132,57,
2011-08-19,4075,7307,109,
2011-08-26,4076,5101,139,
2011-09-02,4077,3914,193,
2011-09-09,4078,9871,28,
2011-09-16,4079,7785,142,
2011-09-23,4080,4014,221,
2011-09-30,4081,8268,181,
2011-10-07,4082,5896,210,
2011-10-14,4083,1302,127,
2011-10-21,4084,6601,113,
2011-10-28,4085,8391,196,
2011-11-04,4086,4779,31,
2011-11-11,4087,6645,184,
2011-11-18,4088,9120,174,
2011-11-25,4089,8207,146,
2011-12-02,4090,7953,236,
2011-12-09,4091,7285,179,
2011-12-16,4092,6368,223,
2011-12-23,4093,5300,185,
2011-12-30,4094,3257,45,
2012-01-06,4095,2565,151,
2012-01-13,4096,2798,79,
2012-01-20,4097,578,223,
2012-01-27,4098,6202,215,
2012-02-03,4099,2253,247,
2012-02-10,4100,7147,16,
2012-02-17,4101,2410,209,
2012-02-24,4102,1173,45,
2012-03-02,4103,1771,124,
2012-03-09,4104,3616,180,
2012-03-16,4105,9103,104,
2012-03-23,4106,3424,152,
2012-03-30,4107,2271,46,
2012-04-07,4108,6566,20,
2012-04-13,4109,4286,218,
2012-04-20,4110,860,120,
2012-04-27,4111,7298,186,
2012-05-04,4112,9043,235,
2012-05-11,4113,6866,97,
2012-05-18,4114,7251,233,
2012-05-25,4115,539,125,
2012-06-01,4116,4647,5,
2012-06-08,4117,1334,166,
2012-06-15,4118,3582,247,
2012-06-22,4119,998,240,
2012-06-29,4120,5496,114,
2012-07-06,4121,7307,160,
2012-07-13,4122,944,43,
2012-07-21,4123,5266,21,
2012-07-27,4124,3992,90,
2012-08-03,4125,4238,175,
2012-08-10,4126,1207,246,
2012-08-17,4127,9900,74,
2012-08-24,4128,9259,218,
2012-08-31,4129,9945,23,
2012-09-07,4130,8973,87,
2012-09-14,4131,9129,171,
2012-09-21,4132,6041,80,
2012-09-28,4133,7322,53,
2012-10-05,4134,7179,133,
2012-10-12,4135,515,127,
2012-10-19,4136,6757,249,
2012-10-26,4137,2350,83,
2012-11-02,4138,6991,248,
2012-11-09,4139,1897,137,
2012-11-16,4140,5804,107,
2012-11-23,4141,5032,114,
2012-11-30,4142,609,161,
2012-12-07,4143,5691,69,
2012-12-14,4144,342,200,
2012-12-21,4145,3524,222,
2012-12-28,4146,8200,219,
2013-01-04,4147,1648,20,
2013-01-11,4148,2586,123,
2013-01-18,4149,863,42,
2013-01-25,4150,3464,125,
2013-02-01,4151,9136,50,
2013-02-08,4152,5563,187,
2013-02-15,4153,6282,110,
2013-02-22,4154,3378,147,
2013-03-01,4155,4468,164,
2013-03-08,4156,272,113,
2013-03-15,4157,2570,61,
2013-03-22,4158,2770,87,
2013-03-30,4159,1421,112,
2013-04-05,4160,5662,271,
2013-04-12,4161,3651,168,
2013-04-19,4162,4361,218,
2013-04-26,4163,9858,246,
2013-05-03,4164,5861,101,
2013-05-10,4165,5711,110,
2013-05-17,4166,2303,258,
2013-05-24,4167,1977,13,
2013-05-31,4168,5320,76,
2013-06-07,4169,826,82,
2013-06-14,4170,7585,53,
2013-06-21,4171,1708,194,
2013-06-28,4172,7655,141,
2013-07-05,4173,9260,191,
2013-07-12,4174,4934,169,
2013-07-19,4175,5618,141,
2013-07-26,4176,621,217,
2013-08-02,4177,7706,157,
2013-08-09,4178,9227,77,
2013-08-16,4179,7987,101,
2013-08-23,4180,2607,17,
2013-08-30,4181,8349,215,
2013-09-06,4182,6550,262,
2013-09-13,4183,2713,193,
2013-09-20,4184,8490,218,
2013-09-27,4185,2816,15,
2013-10-04,4186,6963,23,
2013-10-11,4187,5249,23,
2013-10-18,4188,7519,9,
2013-10-25,4189,455,183,
2013-11-01,4190,4637,157,
2013-11-08,4191,5678,22,
2013-11-15,4192,3298,33,
2013-11-22,4193,5988,194,
2013-11-29,4194,4088,27,
2013-12-06,4195,4100,173,
2013-12-13,4196,5862,54,
2013-12-20,4197,9529,53,
2013-12-27,4198,1995,212,
2014-01-03,4199,7940,23,
2014-01-10,4200,5132,234,
2014-01-17,4201,1713,86,
2014-01-24,4202,6455,80,
2014-01-31,4203,5582,173,
2014-02-07,4204,949,135,
2014-02-14,4205,1150,116,
2014-02-21,4206,1249,166,
2014-02-28,4207,9154,240,
2014-03-07,4208,1584,255,
2014-03-14,4209,2806,7,
2014-03-21,4210,9847,271,
2014-03-28,4211,8064,100,
2014-04-04,4212,965,257,
2014-04-11,4213,1270,67,
2014-04-19,4214,1548,137,
2014-04-25,4215,3665,109,
2014-05-02,4216,9059,143,
2014-05-09,4217,7916,127,
2014-05-16,4218,6843,116,
2014-05-23,4219,2498,151,
2014-05-30,4220,8758,9,
2014-06-06,4221,7364,121,
2014-06-13,4222,7823,236,
2014-06-20,4223,4845,162,
2014-06-27,4224,9400,248,
2014-07-04,4225,7537,147,
2014-07-11,4226,8954,34,
2014-07-18,4227,3627,149,
2014-07-25,4228,7721,271,
2014-08-01,4229,8986,115,
2014-08-08,4230,6388,255,
2014-08-15,4231,9716,240,
2014-08-22,4232,5507,166,
2014-08-29,4233,5545,209,
2014-09-05,4234,8350,163,
2014-09-12,4235,1884,186,
2014-09-19,4236,7707,29,
2014-09-26,4237,3607,232,
2014-10-03,4238,8502,127,
2014-10-10,4239,4374,225,
2014-10-17,4240,5102,180,
2014-10-24,4241,7959,182,
2014-10-31,4242,5393,240,
2014-11-07,4243,2398,208,
2014-11-14,4244,1569,153,
2014-11-21,4245,9816,292,
2014-11-28,4246,2004,119,
2014-12-05,4247,4125,62,
2014-12-12,4248,3544,6,
2014-12-19,4249,9835,228,
2014-12-26,4250,7603,63,
2015-01-02,4251,782,59,
2015-01-09,4252,3780,263,
2015-01-16,4253,7608,133,
2015-01-23,4254,1049,117,
2015-01-30,4255,5554,47,
2015-02-06,4256,7643,8,
2015-02-13,4257,9808,5,
2015-02-20,4258,9880,218,
2015-02-27,4259,8104,18,
2015-03-06,4260,695,136,
2015-03-13,4261,193,232,
2015-03-20,4262,1721,235,
2015-03-27,4263,1436,269,
2015-04-04,4264,6935,56,
2015-04-10,4265,3133,140,
2015-04-17,4266,265,11,
2015-04-24,4267,8363,157,
2015-04-30,4268,1672,185,
2015-05-08,4269,8058,68,
2015-05-15,4270,7928,69,
2015-05-22,4271,9390,73,
2015-05-29,4272,1406,221,
2015-06-05,4273,700,120,
2015-06-12,4274,7744,282,
2015-06-19,4275,9586,287,
2015-06-26,4276,2708,176,
2015-07-03,4277,1929,51,
2015-07-10,4278,3559,183,
2015-07-17,4279,2611,222,
2015-07-24,4280,9002,290,
2015-07-31,4281,575,32,
2015-08-07,4282,6999,11,
2015-08-14,4283,4697,24,
2015-08-21,4284,6333,63,
2015-08-28,4285,8409,13,
2015-09-04,4286,6490,123,
2015-09-11,4287,2702,104,
2015-09-18,4288,1172,239,
2015-09-25,4289,2287,74,
2015-10-02,4290,9629,38,
2015-10-09,4291,8448,23,
2015-10-16,4292,1859,73,
2015-10-23,4293,2530,91,
2015-10-30,4294,4472,16,
2015-11-06,4295,7630,90,
2015-11-13,4296,8521,243,
2015-11-20,4297,2431,272,
2015-11-27,4298,4637,2,
2015-12-04,4299,2988,128,
2015-12-11,4300,1815,249,
2015-12-24,4301,7165,264,
2015-12-31,4302,1056,195,
2016-01-08,4303,9594,220,
2016-01-15,4304,3670,34,
2016-01-22,4305,133,293,
2016-01-29,4306,4338,85,
2016-02-05,4307,685,224,
2016-02-12,4308,4519,270,
2016-02-19,4309,1116,51,
2016-02-26,4310,7728,284,
2016-03-04,4311,2882,84,
2016-03-11,4312,6630,169,
2016-03-18,4313,6386,121,
2016-03-26,4314,2039,234,
2016-04-01,4315,7219,0,
2016-04-08,4316,181,237,
2016-04-15,4317,3596,160,
2016-04-22,4318,1181,292,
2016-04-29,4319,9183,265,
2016-05-06,4320,268,253,
2016-05-13,4321,2187,175,
2016-05-20,4322,5450,102,
2016-05-27,4323,5226,194,
2016-06-03,4324,5816,11,
2016-06-10,4325,3423,296,
2016-06-17,4326,2696,207,
2016-06-24,4327,575,99,
2016-07-01,4328,9896,159,
2016-07-08,4329,5823,185,
2016-07-15,4330,7131,255,
2016-07-22,4331,9550,144,
2016-07-29,4332,1176,123,
2016-08-05,4333,1228,86,
2016-08-12,4334,1335,19,
2016-08-19,4335,8100,83,
2016-08-26,4336,1897,49,
2016-09-02,4337,1449,37,
2016-09-09,4338,4554,207,
2016-09-16,4339,7594,146,
2016-09-23,4340,624,298,
2016-09-30,4341,8712,286,
2016-10-07,4342,8272,194,
2016-10-14,4343,6355,167,
2016-10-21,4344,6087,59,
2016-10-28,4345,1395,44,
2016-11-04,4346,4584,214,
2016-11-11,4347,6888,104,
2016-11-18,4348,2331,269,
2016-11-25,4349,981,250,
2016-12-02,4350,4006,293,
2016-12-09,4351,4944,51,
2016-12-16,4352,5241,175,
2016-12-30,4353,417,135,
2017-01-06,4354,4240,69,
2017-01-13,4355,4612,63,
2017-01-20,4356,6620,118,
2017-01-27,4357,5682,152,
2017-02-03,4358,6163,88,
2017-02-10,4359,8192,158,
2017-02-17,4360,5589,6,
2017-02-24,4361,8178,4,
2017-03-03,4362,7292,182,
2017-03-10,4363,9908,53,
2017-03-17,4364,6935,208,
2017-03-24,4365,9746,292,
2017-03-31,4366,2406,292,
2017-04-07,4367,4956,102,
2017-04-12,4368,7074,196,
2017-04-21,4369,8286,9,
2017-04-28,4370,9162,298,
2017-05-05,4371,4405,216,
2017-05-12,4372,3842,181,
2017-05-19,4373,9323,159,
2017-05-26,4374,9063,254,
2017-06-02,4375,7196,274,
2017-06-09,4376,2804,113,
2017-06-16,4377,7932,228,
2017-06-23,4378,2816,174,
2017-06-30,4379,2880,63,
2017-07-07,4380,9294,77,
2017-07-14,4381,8499,180,
2017-07-21,4382,5681,313,
2017-07-28,4383,3683,191,
2017-08-04,4384,5501,135,
2017-08-11,4385,4674,44,
2017-08-18,4386,3786,132,
2017-08-25,4387,3939,41,
2017-09-01,4388,6712,4,
2017-09-08,4389,5918,14,
2017-09-15,4390,8238,191,
2017-09-22,4391,6422,211,
2017-09-29,4392,7942,301,
2017-10-06,4393,9946,52,
2017-10-13,4394,1731,213,
2017-10-20,4395,839,272,
2017-10-27,4396,6780,53,
2017-11-03,4397,2416,38,
2017-11-10,4398,4823,231,
2017-11-17,4399,8676,58,
2017-11-24,4400,6834,271,
2017-12-01,4401,7429,329,
2017-12-09,4402,9389,176,
2017-12-15,4403,6334,35,
2017-12-22,4404,269,275,
2017-12-29,4405,7661,94,
2018-01-05,4406,587,177,
2018-01-12,4407,6511,2,
2018-01-19,4408,9627,266,
2018-01-26,4409,9248,119,
2018-02-02,4410,4444,130,
2018-02-09,4411,7958,124,
2018-02-16,4412,7954,106,
2018-02-23,4413,9791,54,
2018-03-02,4414,4809,121,
2018-03-09,4415,1295,249,
2018-03-16,4416,2531,308,
2018-03-23,4417,1780,32,
2018-03-31,4418,4786,47,
2018-04-06,4419,6631,186,
2018-04-13,4420,8642,268,
2018-04-20,4421,4272,208,
2018-04-27,4422,2647,228,
2018-05-04,4423,5801,210,
2018-05-11,4424,7976,334,
2018-05-18,4425,5653,157,
2018-05-25,4426,8975,130,
2018-06-01,4427,7129,51,
2018-06-08,4428,7462,70,
2018-06-15,4429,5444,179,
2018-06-22,4430,6706,147,
2018-06-29,4431,1786,205,
2018-07-06,4432,5943,263,
2018-07-13,4433,6024,248,
2018-07-21,4434,1540,145,
2018-07-27,4435,250,163,
2018-08-03,4436,821,336,
2018-08-10,4437,5105,335,
2018-08-17,4438,7525,163,
2018-08-24,4439,9285,212,
2018-08-31,4440,8808,152,
2018-09-07,4441,4410,210,
2018-09-14,4442,7321,100,
2018-09-21,4443,4430,154,
2018-09-28,4444,8012,214,
2018-10-05,4445,4592,257,
2018-10-12,4446,8273,53,
2018-10-19,4447,5840,242,
2018-10-26,4448,4201,295,
2018-11-02,4449,9975,139,
2018-11-09,4450,5471,71,
2018-11-16,4451,3091,81,
2018-11-23,4452,2451,164,
2018-11-30,4453,7678,21,
2018-12-07,4454,2719,19,
2018-12-14,4455,6285,73,
2018-12-21,4456,1515,261,
2018-12-28,4457,7621,49,
2019-01-04,4458,8251,147,
2019-01-11,4459,1500,330,
2019-01-18,4460,7765,12,
2019-01-25,4461,6922,87,
2019-02-01,4462,4461,98,
2019-02-08,4463,5151,135,
2019-02-15,4464,1803,274,
2019-02-22,4465,922,304,
2019-03-01,4466,9502,29,
2019-03-08,4467,9144,14,
2019-03-15,4468,3056,220,
2019-03-22,4469,5514,308,
2019-03-29,4470,4602,311,
2019-04-05,4471,1460,169,
2019-04-12,4472,9675,274,
2019-04-20,4473,1931,20,
2019-04-26,4474,6756,214,
2019-05-03,4475,1453,61,
2019-05-10,4476,6595,3,
2019-05-17,4477,3590,222,
2019-05-24,4478,3218,59,
2019-05-31,4479,9258,106,
2019-06-07,4480,7852,238,
2019-06-14,4481,4726,35,
2019-06-21,4482,8207,2,
2019-06-28,4483,77,13,
2019-07-05,4484,1938,257,
2019-07-12,4485,4916,132,
2019-07-19,4486,8047,222,
2019-07-26,4487,5458,304,
2019-08-02,4488,5240,276,
2019-08-09,4489,5279,214,
2019-08-16,4490,6945,161,
2019-08-23,4491,8456,91,
2019-08-30,4492,2098,308,
2019-09-06,4493,9990,152,
2019-09-13,4494,5249,91,
2019-09-20,4495,2717,218,
2019-09-27,4496,2507,126,
2019-10-04,4497,9129,320,
2019-10-11,4498,5797,120,
2019-10-18,4499,6787,139,
2019-10-25,4500,8509,124,
2019-11-01,4501,9061,308,
2019-11-08,4502,7667,201,
2019-11-15,4503,6283,16,
2019-11-22,4504,7852,160,
2019-11-29,4505,2222,118,
2019-12-06,4506,7060,304,
2019-12-13,4507,5479,228,
2019-12-20,4508,8899,200,
2019-12-27,4509,3097,326,
2020-01-03,4510,7384,184,
2020-01-10,4511,6377,141,
2020-01-17,4512,3311,191,
2020-01-24,4513,9171,253,
2020-01-31,4514,8876,9,
2020-02-07,4515,2582,42,
2020-02-14,4516,9019,334,
2020-02-21,4517,1972,277,
2020-02-28,4518,6798,266,
2020-03-06,4519,7636,221,
2020-03-13,4520,4702,318,
2020-03-20,4521,9358,47,
2020-05-15,4522,211,8,
2020-05-22,4523,9383,174,
2020-05-29,4524,5044,119,
2020-06-05,4525,1560,30,
2020-06-12,4526,2312,126,
2020-06-19,4527,6537,54,
2020-06-26,4528,8039,166,
2020-07-03,4529,7767,124,
2020-07-10,4530,7424,164,
2020-07-17,4531,9879,69,
2020-07-24,4532,3363,299,
2020-07-31,4533,4901,238,
2020-08-08,4534,8984,66,
2020-08-14,4535,6143,20,
2020-08-21,4536,828,174,
2020-08-28,4537,2613,12,
2020-09-04,4538,8508,211,
2020-09-11,4539,9315,134,
2020-09-18,4540,7498,32,
2020-09-25,4541,9055,46,
2020-10-02,4542,9606,169,
2020-10-09,4543,4439,35,
2020-10-16,4544,3045,120,
2020-10-23,4545,7309,3,
2020-10-30,4546,2836,328,
2020-11-06,4547,4387,184,
2020-11-13,4548,3283,146,
2020-11-20,4549,1495,53,
2020-11-27,4550,6132,236,
2020-12-04,4551,6399,245,
2020-12-11,4552,549,312,
2020-12-18,4553,2429,269,
2020-12-24,4554,1670,299,
2021-01-02,4555,5455,132,
2021-01-08,4556,6589,227,
2021-01-15,4557,7022,226,
2021-01-22,4558,6059,204,
2021-01-29,4559,374,40,
2021-02-05,4560,539,320,
2021-02-12,4561,7403,231,
2021-02-19,4562,4468,8,
2021-02-26,4563,6401,72,
2021-03-05,4564,7109,118,
2021-03-12,4565,7675,58,
2021-03-19,4566,3079,223,
2021-03-26,4567,7707,166,
2021-04-03,4568,5614,155,
2021-04-09,4569,3257,153,
2021-04-16,4570,3169,123,
2021-04-23,4571,8781,53,
2021-04-30,4572,1230,114,
2021-05-07,4573,4807,273,
2021-05-14,4574,9549,255,
2021-05-21,4575,3191,30,
2021-05-28,4576,5741,264,
2021-06-04,4577,2570,303,
2021-06-11,4578,8743,296,
2021-06-18,4579,6418,225,
2021-06-25,4580,2520,21,
2021-07-02,4581,1014,351,
2021-07-09,4582,3356,337,
2021-07-16,4583,1319,149,
2021-07-23,4584,7403,354,
2021-07-30,4585,7516,113,
2021-08-06,4586,5126,196,
2021-08-13,4587,2517,120,
2021-08-20,4588,861,183,
2021-08-27,4589,2762,237,
2021-09-03,4590,8755,169,
2021-09-10,4591,1447,168,
2021-09-17,4592,9336,295,
2021-09-24,4593,3653,301,
2021-10-01,4594,3535,217,
2021-10-08,4595,465,226,
2021-10-15,4596,3302,197,
2021-10-22,4597,8228,275,
2021-10-29,4598,4579,315,
2021-11-05,4599,8168,208,
2021-11-12,4600,7611,46,
2021-11-19,4601,7808,90,
2021-11-26,4602,4611,325,
2021-12-03,4603,9978,76,
2021-12-10,4604,8621,290,
2021-12-17,4605,7850,142,
2021-12-24,4606,9832,71,
2021-12-31,4607,4362,349,
2022-01-07,4608,3206,36,
2022-01-14,4609,9747,48,
2022-01-21,4610,7845,280,
2022-01-28,4611,2624,207,
2022-02-04,4612,1341,338,
2022-02-11,4613,5742,78,
2022-02-18,4614,6085,170,
2022-02-25,4615,3306,292,
2022-03-04,4616,1082,122,
2022-03-11,4617,3708,121,
2022-03-18,4618,1677,147,
2022-03-25,4619,3112,223,
2022-04-01,4620,3181,231,
2022-04-08,4621,3729,151,
2022-04-15,4622,1096,175,
2022-04-22,4623,2898,196,
2022-04-29,4624,4915,192,
2022-05-06,4625,1306,367,
2022-05-13,4626,626,86,
2022-05-20,4627,1427,329,
2022-05-27,4628,3373,17,
2022-06-03,4629,5937,315,
2022-06-10,4630,6451,71,
2022-06-17,4631,4007,189,
2022-06-24,4632,5631,247,
2022-07-01,4633,6320,346,
2022-07-08,4634,7671,344,
2022-07-15,4635,4044,36,
2022-07-22,4636,8942,259,
2022-07-29,4637,667,101,
2022-08-05,4638,3562,148,
2022-08-12,4639,858,232,
2022-08-19,4640,1194,216,
2022-08-26,4641,7167,297,
2022-09-02,4642,627,68,
2022-09-09,4643,4116,252,
2022-09-16,4644,6083,47,
2022-09-23,4645,1737,115,
2022-09-30,4646,1064,214,
2022-10-07,4647,4974,164,
2022-10-14,4648,2604,271,
2022-10-21,4649,5030,104,
2022-10-28,4650,8388,105,
2022-11-04,4651,4550,4,
2022-11-11,4652,8271,55,
2022-11-18,4653,3950,94,
2022-11-25,4654,9718,354,
2022-12-02,4655,7001,199,
2022-12-09,4656,3975,75,
2022-12-16,4657,8603,72,
2022-12-23,4658,5174,2,
2022-12-30,4659,7134,63,
2023-01-06,4660,1311,339,
2023-01-13,4661,7698,123,
2023-01-20,4662,8945,145,
2023-01-27,4663,3935,214,
2023-02-03,4664,2469,49,
2023-02-10,4665,8424,32,
2023-02-17,4666,3559,42,
2023-02-24,4667,1055,87,
2023-03-03,4668,4732,328,
2023-03-10,4669,9162,182,
2023-03-17,4670,7899,34,
2023-03-24,4671,2228,282,
2023-03-31,4672,8984,311,
2023-04-08,4673,5724,111,
2023-04-14,4674,4773,27,
2023-04-21,4675,4512,218,
2023-04-28,4676,8945,168,
2023-05-05,4677,4798,127,
2023-05-12,4678,2701,202,
2023-05-19,4679,1952,241,
2023-05-26,4680,8060,158,
2023-06-02,4681,7768,39,
2023-06-09,4682,1258,294,
2023-06-16,4683,9557,332,
2023-06-23,4684,5987,104,
2023-06-30,4685,1279,158,
2023-07-07,4686,7318,340,
2023-07-14,4687,3803,65,
2023-07-21,4688,6539,336,
2023-07-28,4689,2013,180,
2023-08-04,4690,3728,276,
2023-08-11,4691,5328,363,
2023-08-18,4692,3267,342,
2023-08-25,4693,2780,453,
2023-09-01,4694,8716,346,
2023-09-08,4695,1876,280,
2023-09-15,4696,1480,67,
2023-09-22,4697,1666,496,
2023-09-29,4698,1767,134,
2023-10-06,4699,8058,311,
2023-10-13,4700,6313,235,
2023-10-20,4701,204,74,
2023-10-27,4702,1090,111,
2023-11-03,4703,2410,271,
2023-11-10,4704,247,210,
2023-11-17,4705,9234,464,
2023-11-24,4706,5938,227,
2023-12-01,4707,2518,11,
2023-12-07,4708,1597,120,
2023-12-15,4709,7630,5,
2023-12-22,4710,8645,483,
2023-12-29,4711,9867,425,
2023-12-31,13,7105,641,Extra Medellín
2024-01-05,4712,2864,160,
2024-01-12,4713,4180,319,
2024-01-19,4714,6543,74,
2024-01-26,4715,9490,422,
2024-02-02,4716,9533,81,
2024-02-09,4717,2079,129,
2024-02-16,4718,2067,252,
2024-02-23,4719,447,411,
2024-03-01,4720,3863,215,
2024-03-08,4721,7087,95,
2024-03-15,4722,7128,492,
2024-03-22,4723,3332,231,
2024-03-30,4724,2570,387,
2024-04-05,4725,123,164,
2024-04-12,4726,9690,140,
2024-04-19,4727,7611,147,
2024-04-26,4728,8323,197,
2024-05-03,4729,2218,490,
2024-05-10,4730,6633,149,
2024-05-17,4731,1243,201,
2024-05-24,4732,5701,10,
2024-05-31,4733,5217,302,
2024-06-07,4734,5855,295,
2024-06-14,4735,6860,266,
2024-06-15,14,9895,500,Extra Medellín
2024-06-21,4736,3248,169,
2024-06-28,4737,1736,73,
2024-07-05,4738,7905,470,
2024-07-12,4739,9288,275,
2024-07-19,4740,4022,403,
2024-07-26,4741,9125,417,
2024-08-02,4742,4480,344,
2024-08-09,4743,2530,369,
2024-08-16,4744,7311,15,
2024-08-23,4745,5559,140,
2024-08-30,4746,845,139,
2024-09-06,4747,7737,208,
2024-09-13,4748,83,10,
2024-09-20,4749,8724,73,
2024-09-27,4750,8347,263,
2024-10-04,4751,9937,174,
2024-10-11,4752,8441,131,
2024-10-18,4753,8650,362,
2024-10-25,4754,5318,216,
2024-11-01,4755,5972,96,
2024-11-08,4756,7175,9,
2024-11-15,4757,966,17,
2024-11-22,4758,852,122,
2024-11-29,4759,1916,414,
2024-12-06,4760,8901,347,
2024-12-13,4761,6540,474,
2024-12-20,4762,4085,356,
2024-12-21,15,7833,659,Extra Medellín
2024-12-27,4763,5536,400,
2025-01-03,4764,423,205,
2025-01-10,4765,728,47,
2025-01-17,4766,7025,418,
2025-01-24,4767,2678,461,
2025-01-31,4768,5740,470,
2025-02-07,4769,185,59,
2025-02-14,4770,3686,217,
2025-02-21,4771,2185,101,
2025-02-28,4772,492,67,
2025-03-07,4773,5359,186,
2025-03-14,4774,1682,311,
2025-03-21,4775,7290,220,
2025-03-28,4776,2097,82,
2025-04-04,4777,3484,192,
2025-04-11,4778,4020,115,
2025-04-19,4779,9060,18,
2025-04-25,4780,4266,206,
2025-05-02,4781,71,80,
2025-05-09,4782,5329,238,
2025-05-16,4783,9405,230,
2025-05-23,4784,9798,49,
2025-05-30,4785,624,48,
2025-06-06,4786,6840,485,
2025-06-13,4787,6138,477,
2025-06-20,4788,539,331,
2025-06-27,4789,9190,485,
2025-07-04,4790,9408,270,
2025-07-11,4791,7653,5,
2025-07-18,4792,7800,272,
2025-07-25,4793,6641,76,
2025-08-01,4794,5334,302,
2025-08-08,4795,9844,182,
2025-08-15,4796,7739,381,
2025-08-22,4797,4918,310,
2025-08-29,4798,8388,79,
2025-09-05,4799,8417,341,
2025-09-12,4800,3472,401,
2025-09-19,4801,5321,103,
2025-09-26,4802,174,70,
2025-10-03,4803,9860,349,
2025-10-10,4804,2619,45,
2025-10-17,4805,903,296,
